insert into Users (user_id, email, picture, name) values ('37c1ac27-1230-4fa6-9e0d-70fe5306c3c5', 'kacy.gariff@gmail.com', 'https://yt3.googleusercontent.com/ytc/AGIKgqOnBN9Fze9naSk9bKiMEMwBqFyrxeVhYoVSM1rl=s176-c-k-c0x00ffffff-no-rj', 'Kacy Gariff');
insert into Users (user_id, email, picture, name) values ('92289514-dbd8-4cf4-91a6-2dc9c5ad5ef6', 'annabell.hane@gmail.com', 'https://yt3.googleusercontent.com/ytc/AGIKgqOnBN9Fze9naSk9bKiMEMwBqFyrxeVhYoVSM1rl=s176-c-k-c0x00ffffff-no-rj', 'Annabell Hane');
insert into Users (user_id, email, picture, name) values ('35359762-7a0d-4ef7-b1b3-102da7590b9c', 'arlinda.bernath@gmail.com', 'https://yt3.googleusercontent.com/ytc/AGIKgqOnBN9Fze9naSk9bKiMEMwBqFyrxeVhYoVSM1rl=s176-c-k-c0x00ffffff-no-rj', 'Arlinda Bernath');
insert into Users (user_id, email, picture, name) values ('342762a0-5dd8-4c2b-b8d5-28c9ff9da6b1', 'ayn.sainteau@gmail.com', 'https://yt3.googleusercontent.com/ytc/AGIKgqOnBN9Fze9naSk9bKiMEMwBqFyrxeVhYoVSM1rl=s176-c-k-c0x00ffffff-no-rj', 'Ayn Sainteau');
insert into Users (user_id, email, picture, name) values ('73759268-5d78-4b29-8508-b7bba75d59f2', 'kay.bachelor@gmail.com', 'https://yt3.googleusercontent.com/ytc/AGIKgqOnBN9Fze9naSk9bKiMEMwBqFyrxeVhYoVSM1rl=s176-c-k-c0x00ffffff-no-rj', 'Kay Bachelor');
insert into Users (user_id, email, picture, name) values ('baaec40b-5c21-40ec-941e-20014713792b', 'bobbi.mylechreest@gmail.com', 'https://yt3.googleusercontent.com/ytc/AGIKgqOnBN9Fze9naSk9bKiMEMwBqFyrxeVhYoVSM1rl=s176-c-k-c0x00ffffff-no-rj', 'Bobbi Mylechreest');
insert into Users (user_id, email, picture, name) values ('093d8926-cef9-4a4b-a1de-7717722fe38d', 'essa.lillford@gmail.com', 'https://yt3.googleusercontent.com/ytc/AGIKgqOnBN9Fze9naSk9bKiMEMwBqFyrxeVhYoVSM1rl=s176-c-k-c0x00ffffff-no-rj', 'Essa Lillford');
insert into Users (user_id, email, picture, name) values ('48f8ca1e-feb3-47a5-b55f-cfae9b29e1c6', 'riane.pactat@gmail.com', 'https://yt3.googleusercontent.com/ytc/AGIKgqOnBN9Fze9naSk9bKiMEMwBqFyrxeVhYoVSM1rl=s176-c-k-c0x00ffffff-no-rj', 'Riane Pactat');
insert into Users (user_id, email, picture, name) values ('78c0e2a6-8cdf-47a8-9e88-883471fde0dd', 'rosalinde.herreran@gmail.com', 'https://yt3.googleusercontent.com/ytc/AGIKgqOnBN9Fze9naSk9bKiMEMwBqFyrxeVhYoVSM1rl=s176-c-k-c0x00ffffff-no-rj', 'Rosalinde Herreran');
insert into Users (user_id, email, picture, name) values ('02689fd9-dc26-4769-ac91-228a566ddd01', 'wilow.pottiphar@gmail.com', 'https://yt3.googleusercontent.com/ytc/AGIKgqOnBN9Fze9naSk9bKiMEMwBqFyrxeVhYoVSM1rl=s176-c-k-c0x00ffffff-no-rj', 'Wilow Pottiphar');

insert into Comments (comment_id, user_id, reply_id, comment, postdate, vid_id) values ('ca92c661-608a-4fb5-9cce-b818e46343d7', '48f8ca1e-feb3-47a5-b55f-cfae9b29e1c6', '80d9a54e-7c9d-4820-9aa3-404e5cedd2a7', 'Maecenas leo odio, condimentum id, luctus nec, molestie sed, justo. Pellentesque viverra pede ac diam. Cras pellentesque volutpat dui.

Maecenas tristique, est et tempus semper, est quam pharetra magna, ac consequat metus sapien ut nunc. Vestibulum ante ipsum primis in faucibus orci luctus et ultrices posuere cubilia Curae; Mauris viverra diam vitae quam. Suspendisse potenti.

Nullam porttitor lacus at turpis. Donec posuere metus vitae ipsum. Aliquam non mauris.', '2022-08-19T08:35:38Z', 't-Nw9oz-U6M');
insert into Comments (comment_id, user_id, comment, postdate, vid_id) values ('67871d4b-f32d-470e-b46e-d6ccdaaacdf6', '02689fd9-dc26-4769-ac91-228a566ddd01', 'Aenean fermentum. Donec ut mauris eget massa tempor convallis. Nulla neque libero, convallis eget, eleifend luctus, ultricies eu, nibh.

Quisque id justo sit amet sapien dignissim vestibulum. Vestibulum ante ipsum primis in faucibus orci luctus et ultrices posuere cubilia Curae; Nulla dapibus dolor vel est. Donec odio justo, sollicitudin ut, suscipit a, feugiat et, eros.', '2022-06-23T01:23:35Z', 'YqLXRLCb3is');
insert into Comments (comment_id, user_id, comment, postdate, vid_id) values ('80d9a54e-7c9d-4820-9aa3-404e5cedd2a7', '342762a0-5dd8-4c2b-b8d5-28c9ff9da6b1', 'Proin eu mi. Nulla ac enim. In tempor, turpis nec euismod scelerisque, quam turpis adipiscing lorem, vitae mattis nibh ligula nec sem.

Duis aliquam convallis nunc. Proin at turpis a pede posuere nonummy. Integer non velit.', '2022-11-07T22:56:40Z', 't-Nw9oz-U6M');
insert into Comments (comment_id, user_id, comment, postdate, vid_id) values ('00fdf482-414d-4b9a-8d4f-0ae1339a35c6', '093d8926-cef9-4a4b-a1de-7717722fe38d', 'Nullam sit amet turpis elementum ligula vehicula consequat. Morbi a ipsum. Integer a nibh.', '2022-11-29T05:35:05Z', 'astISOttCQ0');
insert into Comments (comment_id, user_id, comment, postdate, vid_id) values ('c119c47d-56e5-4d7d-9869-af5e2922ddf1', '35359762-7a0d-4ef7-b1b3-102da7590b9c', 'In hac habitasse platea dictumst. Morbi vestibulum, velit id pretium iaculis, diam erat fermentum justo, nec condimentum neque sapien placerat ante. Nulla justo.

Aliquam quis turpis eget elit sodales scelerisque. Mauris sit amet eros. Suspendisse accumsan tortor quis turpis.', '2022-10-12T17:23:54Z', 'YqLXRLCb3is');
insert into Comments (comment_id, user_id, comment, postdate, vid_id) values ('431ad1bb-986a-4b39-90f7-61aa5592c63e', '02689fd9-dc26-4769-ac91-228a566ddd01', 'Nulla ut erat id mauris vulputate elementum. Nullam varius. Nulla facilisi.', '2023-03-08T21:54:34Z', 't-Nw9oz-U6M');
insert into Comments (comment_id, user_id, comment, postdate, vid_id) values ('a2863405-20ec-45d5-a071-e6d5e06ee17a', '78c0e2a6-8cdf-47a8-9e88-883471fde0dd', 'Praesent blandit. Nam nulla. Integer pede justo, lacinia eget, tincidunt eget, tempus vel, pede.', '2022-10-19T02:52:18Z', 'astISOttCQ0');
insert into Comments (comment_id, user_id, comment, postdate, vid_id) values ('5aae1847-9170-4c0f-86da-929b7c6adb05', '73759268-5d78-4b29-8508-b7bba75d59f2', 'Duis aliquam convallis nunc. Proin at turpis a pede posuere nonummy. Integer non velit.

Donec diam neque, vestibulum eget, vulputate ut, ultrices vel, augue. Vestibulum ante ipsum primis in faucibus orci luctus et ultrices posuere cubilia Curae; Donec pharetra, magna vestibulum aliquet ultrices, erat tortor sollicitudin mi, sit amet lobortis sapien sapien non mi. Integer ac neque.', '2022-08-31T08:23:44Z', 'astISOttCQ0');
insert into Comments (comment_id, user_id, comment, postdate, vid_id) values ('1948470f-b7b5-4ff4-88de-067ecd41eb33', 'baaec40b-5c21-40ec-941e-20014713792b', 'Integer tincidunt ante vel ipsum. Praesent blandit lacinia erat. Vestibulum sed magna at nunc commodo placerat.

Praesent blandit. Nam nulla. Integer pede justo, lacinia eget, tincidunt eget, tempus vel, pede.', '2023-03-02T03:56:06Z', 'YqLXRLCb3is');
insert into Comments (comment_id, user_id, comment, postdate, vid_id) values ('8f155e9a-73b3-400f-a66c-a51ba1f0ebcf', '342762a0-5dd8-4c2b-b8d5-28c9ff9da6b1', 'Maecenas ut massa quis augue luctus tincidunt. Nulla mollis molestie lorem. Quisque ut erat.

Curabitur gravida nisi at nibh. In hac habitasse platea dictumst. Aliquam augue quam, sollicitudin vitae, consectetuer eget, rutrum at, lorem.

Integer tincidunt ante vel ipsum. Praesent blandit lacinia erat. Vestibulum sed magna at nunc commodo placerat.', '2023-04-02T00:00:02Z', 't-Nw9oz-U6M');
insert into Comments (comment_id, user_id, comment, postdate, vid_id) values ('ed09d1fd-9756-429a-a70f-454d88f25fd5', '093d8926-cef9-4a4b-a1de-7717722fe38d', 'Nulla ut erat id mauris vulputate elementum. Nullam varius. Nulla facilisi.

Cras non velit nec nisi vulputate nonummy. Maecenas tincidunt lacus at velit. Vivamus vel nulla eget eros elementum pellentesque.', '2022-08-18T14:08:39Z', 'astISOttCQ0');
insert into Comments (comment_id, user_id, comment, postdate, vid_id) values ('e466b0b1-a5ce-4334-81b9-7cbd31080f61', '02689fd9-dc26-4769-ac91-228a566ddd01', 'Fusce posuere felis sed lacus. Morbi sem mauris, laoreet ut, rhoncus aliquet, pulvinar sed, nisl. Nunc rhoncus dui vel sem.

Sed sagittis. Nam congue, risus semper porta volutpat, quam pede lobortis ligula, sit amet eleifend pede libero quis orci. Nullam molestie nibh in lectus.

Pellentesque at nulla. Suspendisse potenti. Cras in purus eu magna vulputate luctus.', '2022-05-11T15:05:57Z', 'astISOttCQ0');
insert into Comments (comment_id, user_id, comment, postdate, vid_id) values ('3c6a9ecd-0a8a-4dee-bd76-8252bd286167', '37c1ac27-1230-4fa6-9e0d-70fe5306c3c5', 'In hac habitasse platea dictumst. Etiam faucibus cursus urna. Ut tellus.', '2022-12-09T10:32:50Z', 'astISOttCQ0');
insert into Comments (comment_id, user_id, comment, postdate, vid_id) values ('496e12c4-848b-4100-80c8-9f9f9d599846', '093d8926-cef9-4a4b-a1de-7717722fe38d', 'Sed ante. Vivamus tortor. Duis mattis egestas metus.

Aenean fermentum. Donec ut mauris eget massa tempor convallis. Nulla neque libero, convallis eget, eleifend luctus, ultricies eu, nibh.', '2022-05-29T11:36:00Z', 'astISOttCQ0');
insert into Comments (comment_id, user_id, comment, postdate, vid_id) values ('cc40acdb-27f5-44e9-93c1-816404f24534', '48f8ca1e-feb3-47a5-b55f-cfae9b29e1c6', 'Proin eu mi. Nulla ac enim. In tempor, turpis nec euismod scelerisque, quam turpis adipiscing lorem, vitae mattis nibh ligula nec sem.

Duis aliquam convallis nunc. Proin at turpis a pede posuere nonummy. Integer non velit.

Donec diam neque, vestibulum eget, vulputate ut, ultrices vel, augue. Vestibulum ante ipsum primis in faucibus orci luctus et ultrices posuere cubilia Curae; Donec pharetra, magna vestibulum aliquet ultrices, erat tortor sollicitudin mi, sit amet lobortis sapien sapien non mi. Integer ac neque.', '2023-02-10T02:58:07Z', 'YqLXRLCb3is');
insert into Comments (comment_id, user_id, comment, postdate, vid_id) values ('55a48341-2866-4d66-b362-7b76f1af6c21', '73759268-5d78-4b29-8508-b7bba75d59f2', 'In quis justo. Maecenas rhoncus aliquam lacus. Morbi quis tortor id nulla ultrices aliquet.

Maecenas leo odio, condimentum id, luctus nec, molestie sed, justo. Pellentesque viverra pede ac diam. Cras pellentesque volutpat dui.', '2023-02-22T06:00:46Z', 't-Nw9oz-U6M');
insert into Comments (comment_id, user_id, comment, postdate, vid_id) values ('271a482c-81e6-4b04-b12c-1850b899e5e4', '35359762-7a0d-4ef7-b1b3-102da7590b9c', 'Phasellus in felis. Donec semper sapien a libero. Nam dui.

Proin leo odio, porttitor id, consequat in, consequat ut, nulla. Sed accumsan felis. Ut at dolor quis odio consequat varius.

Integer ac leo. Pellentesque ultrices mattis odio. Donec vitae nisi.', '2022-05-18T19:55:41Z', 't-Nw9oz-U6M');
insert into Comments (comment_id, user_id, comment, postdate, vid_id) values ('45d37406-561f-4f47-9b9f-9315a21de831', '92289514-dbd8-4cf4-91a6-2dc9c5ad5ef6', 'Suspendisse potenti. In eleifend quam a odio. In hac habitasse platea dictumst.

Maecenas ut massa quis augue luctus tincidunt. Nulla mollis molestie lorem. Quisque ut erat.

Curabitur gravida nisi at nibh. In hac habitasse platea dictumst. Aliquam augue quam, sollicitudin vitae, consectetuer eget, rutrum at, lorem.', '2023-01-11T22:03:20Z', 't-Nw9oz-U6M');
insert into Comments (comment_id, user_id, comment, postdate, vid_id) values ('37aa7662-326c-4402-b97c-628d361b8b7a', '02689fd9-dc26-4769-ac91-228a566ddd01', 'Nullam porttitor lacus at turpis. Donec posuere metus vitae ipsum. Aliquam non mauris.

Morbi non lectus. Aliquam sit amet diam in magna bibendum imperdiet. Nullam orci pede, venenatis non, sodales sed, tincidunt eu, felis.

Fusce posuere felis sed lacus. Morbi sem mauris, laoreet ut, rhoncus aliquet, pulvinar sed, nisl. Nunc rhoncus dui vel sem.', '2023-03-04T11:31:05Z', 't-Nw9oz-U6M');
insert into Comments (comment_id, user_id, comment, postdate, vid_id) values ('d9570597-c463-48b3-b4c1-713a8f309a4e', '48f8ca1e-feb3-47a5-b55f-cfae9b29e1c6', 'Praesent id massa id nisl venenatis lacinia. Aenean sit amet justo. Morbi ut odio.

Cras mi pede, malesuada in, imperdiet et, commodo vulputate, justo. In blandit ultrices enim. Lorem ipsum dolor sit amet, consectetuer adipiscing elit.

Proin interdum mauris non ligula pellentesque ultrices. Phasellus id sapien in sapien iaculis congue. Vivamus metus arcu, adipiscing molestie, hendrerit at, vulputate vitae, nisl.', '2023-02-16T15:47:28Z', 't-Nw9oz-U6M');
insert into Comments (comment_id, user_id, comment, postdate, vid_id) values ('95cba5ba-7c05-41af-8175-01ceeae268e4', '093d8926-cef9-4a4b-a1de-7717722fe38d', 'Phasellus sit amet erat. Nulla tempus. Vivamus in felis eu sapien cursus vestibulum.

Proin eu mi. Nulla ac enim. In tempor, turpis nec euismod scelerisque, quam turpis adipiscing lorem, vitae mattis nibh ligula nec sem.

Duis aliquam convallis nunc. Proin at turpis a pede posuere nonummy. Integer non velit.', '2022-07-06T23:33:06Z', 'YqLXRLCb3is');
insert into Comments (comment_id, user_id, comment, postdate, vid_id) values ('378c5a9c-3227-4533-bff0-079268a1203e', '92289514-dbd8-4cf4-91a6-2dc9c5ad5ef6', 'Sed ante. Vivamus tortor. Duis mattis egestas metus.

Aenean fermentum. Donec ut mauris eget massa tempor convallis. Nulla neque libero, convallis eget, eleifend luctus, ultricies eu, nibh.

Quisque id justo sit amet sapien dignissim vestibulum. Vestibulum ante ipsum primis in faucibus orci luctus et ultrices posuere cubilia Curae; Nulla dapibus dolor vel est. Donec odio justo, sollicitudin ut, suscipit a, feugiat et, eros.', '2022-07-05T08:57:07Z', 'astISOttCQ0');
insert into Comments (comment_id, user_id, comment, postdate, vid_id) values ('b9a4fe60-b02e-462a-9d85-b9091e2c256a', '093d8926-cef9-4a4b-a1de-7717722fe38d', 'Integer ac leo. Pellentesque ultrices mattis odio. Donec vitae nisi.

Nam ultrices, libero non mattis pulvinar, nulla pede ullamcorper augue, a suscipit nulla elit ac nulla. Sed vel enim sit amet nunc viverra dapibus. Nulla suscipit ligula in lacus.', '2022-07-25T09:58:52Z', 'YqLXRLCb3is');
insert into Comments (comment_id, user_id, comment, postdate, vid_id) values ('0cd360ec-4a3f-4122-8617-109ea80271e4', '37c1ac27-1230-4fa6-9e0d-70fe5306c3c5', 'Proin eu mi. Nulla ac enim. In tempor, turpis nec euismod scelerisque, quam turpis adipiscing lorem, vitae mattis nibh ligula nec sem.

Duis aliquam convallis nunc. Proin at turpis a pede posuere nonummy. Integer non velit.', '2022-12-07T14:56:47Z', 'YqLXRLCb3is');
insert into Comments (comment_id, user_id, comment, postdate, vid_id) values ('0e688794-656d-4bc6-9781-f083c69dfe02', '78c0e2a6-8cdf-47a8-9e88-883471fde0dd', 'Quisque id justo sit amet sapien dignissim vestibulum. Vestibulum ante ipsum primis in faucibus orci luctus et ultrices posuere cubilia Curae; Nulla dapibus dolor vel est. Donec odio justo, sollicitudin ut, suscipit a, feugiat et, eros.', '2022-07-02T18:03:20Z', 'astISOttCQ0');
insert into Comments (comment_id, user_id, comment, postdate, vid_id) values ('1e86d3c5-9c6a-402c-81aa-e8cc65ae3147', '73759268-5d78-4b29-8508-b7bba75d59f2', 'Curabitur gravida nisi at nibh. In hac habitasse platea dictumst. Aliquam augue quam, sollicitudin vitae, consectetuer eget, rutrum at, lorem.

Integer tincidunt ante vel ipsum. Praesent blandit lacinia erat. Vestibulum sed magna at nunc commodo placerat.', '2022-08-06T01:55:08Z', 'astISOttCQ0');
insert into Comments (comment_id, user_id, comment, postdate, vid_id) values ('99c1ff6d-9971-4e8e-ae83-39873c481526', '78c0e2a6-8cdf-47a8-9e88-883471fde0dd', 'Sed ante. Vivamus tortor. Duis mattis egestas metus.

Aenean fermentum. Donec ut mauris eget massa tempor convallis. Nulla neque libero, convallis eget, eleifend luctus, ultricies eu, nibh.', '2022-05-13T03:51:19Z', 't-Nw9oz-U6M');
insert into Comments (comment_id, user_id, comment, postdate, vid_id) values ('9cb8ff6a-c998-4f47-979a-88f66cb28b04', '342762a0-5dd8-4c2b-b8d5-28c9ff9da6b1', 'Nullam porttitor lacus at turpis. Donec posuere metus vitae ipsum. Aliquam non mauris.

Morbi non lectus. Aliquam sit amet diam in magna bibendum imperdiet. Nullam orci pede, venenatis non, sodales sed, tincidunt eu, felis.', '2022-07-01T13:55:16Z', 'YqLXRLCb3is');
insert into Comments (comment_id, user_id, comment, postdate, vid_id) values ('7709f2bd-9330-42e1-b053-6e1a1c1e3374', '02689fd9-dc26-4769-ac91-228a566ddd01', 'Integer tincidunt ante vel ipsum. Praesent blandit lacinia erat. Vestibulum sed magna at nunc commodo placerat.

Praesent blandit. Nam nulla. Integer pede justo, lacinia eget, tincidunt eget, tempus vel, pede.', '2022-11-08T06:51:03Z', 't-Nw9oz-U6M');
insert into Comments (comment_id, user_id, comment, postdate, vid_id) values ('0a0d5b4e-402e-47e5-9fc0-f0bb319779e3', '093d8926-cef9-4a4b-a1de-7717722fe38d', 'Nullam porttitor lacus at turpis. Donec posuere metus vitae ipsum. Aliquam non mauris.

Morbi non lectus. Aliquam sit amet diam in magna bibendum imperdiet. Nullam orci pede, venenatis non, sodales sed, tincidunt eu, felis.

Fusce posuere felis sed lacus. Morbi sem mauris, laoreet ut, rhoncus aliquet, pulvinar sed, nisl. Nunc rhoncus dui vel sem.', '2023-02-13T02:35:52Z', 'YqLXRLCb3is');
insert into Comments (comment_id, user_id, comment, postdate, vid_id) values ('1db38585-f0a2-401e-945f-1610a68986fa', '48f8ca1e-feb3-47a5-b55f-cfae9b29e1c6', 'Curabitur gravida nisi at nibh. In hac habitasse platea dictumst. Aliquam augue quam, sollicitudin vitae, consectetuer eget, rutrum at, lorem.

Integer tincidunt ante vel ipsum. Praesent blandit lacinia erat. Vestibulum sed magna at nunc commodo placerat.', '2023-02-20T23:20:25Z', 'YqLXRLCb3is');
insert into Comments (comment_id, user_id, comment, postdate, vid_id) values ('5987edb5-5a0c-416b-ab53-644babe99a8f', '37c1ac27-1230-4fa6-9e0d-70fe5306c3c5', 'Duis consequat dui nec nisi volutpat eleifend. Donec ut dolor. Morbi vel lectus in quam fringilla rhoncus.

Mauris enim leo, rhoncus sed, vestibulum sit amet, cursus id, turpis. Integer aliquet, massa id lobortis convallis, tortor risus dapibus augue, vel accumsan tellus nisi eu orci. Mauris lacinia sapien quis libero.', '2022-09-21T22:10:24Z', 'YqLXRLCb3is');
insert into Comments (comment_id, user_id, comment, postdate, vid_id) values ('331ef7aa-caef-4660-86e6-77de590f0de8', '342762a0-5dd8-4c2b-b8d5-28c9ff9da6b1', 'In quis justo. Maecenas rhoncus aliquam lacus. Morbi quis tortor id nulla ultrices aliquet.

Maecenas leo odio, condimentum id, luctus nec, molestie sed, justo. Pellentesque viverra pede ac diam. Cras pellentesque volutpat dui.

Maecenas tristique, est et tempus semper, est quam pharetra magna, ac consequat metus sapien ut nunc. Vestibulum ante ipsum primis in faucibus orci luctus et ultrices posuere cubilia Curae; Mauris viverra diam vitae quam. Suspendisse potenti.', '2023-01-04T07:38:08Z', 't-Nw9oz-U6M');
insert into Comments (comment_id, user_id, comment, postdate, vid_id) values ('a11c808b-f693-407f-8601-434ec2af324e', '342762a0-5dd8-4c2b-b8d5-28c9ff9da6b1', 'Integer tincidunt ante vel ipsum. Praesent blandit lacinia erat. Vestibulum sed magna at nunc commodo placerat.

Praesent blandit. Nam nulla. Integer pede justo, lacinia eget, tincidunt eget, tempus vel, pede.', '2022-09-10T16:43:18Z', 'astISOttCQ0');
insert into Comments (comment_id, user_id, comment, postdate, vid_id) values ('b6b9446c-ce31-41bd-8105-06e453fde977', '37c1ac27-1230-4fa6-9e0d-70fe5306c3c5', 'Cras mi pede, malesuada in, imperdiet et, commodo vulputate, justo. In blandit ultrices enim. Lorem ipsum dolor sit amet, consectetuer adipiscing elit.', '2022-05-01T01:18:09Z', 'astISOttCQ0');
insert into Comments (comment_id, user_id, comment, postdate, vid_id) values ('68b69171-1c06-4165-9c0e-06102cf0bc86', '37c1ac27-1230-4fa6-9e0d-70fe5306c3c5', 'Sed sagittis. Nam congue, risus semper porta volutpat, quam pede lobortis ligula, sit amet eleifend pede libero quis orci. Nullam molestie nibh in lectus.

Pellentesque at nulla. Suspendisse potenti. Cras in purus eu magna vulputate luctus.

Cum sociis natoque penatibus et magnis dis parturient montes, nascetur ridiculus mus. Vivamus vestibulum sagittis sapien. Cum sociis natoque penatibus et magnis dis parturient montes, nascetur ridiculus mus.', '2022-12-20T05:18:39Z', 't-Nw9oz-U6M');
insert into Comments (comment_id, user_id, comment, postdate, vid_id) values ('372b80a5-dd56-49ee-871e-388fd4aa2d19', '48f8ca1e-feb3-47a5-b55f-cfae9b29e1c6', 'Sed sagittis. Nam congue, risus semper porta volutpat, quam pede lobortis ligula, sit amet eleifend pede libero quis orci. Nullam molestie nibh in lectus.', '2023-03-14T21:22:49Z', 'YqLXRLCb3is');
insert into Comments (comment_id, user_id, comment, postdate, vid_id) values ('090e0793-a1ee-4cff-a128-d0c0e845084c', '48f8ca1e-feb3-47a5-b55f-cfae9b29e1c6', 'Duis aliquam convallis nunc. Proin at turpis a pede posuere nonummy. Integer non velit.

Donec diam neque, vestibulum eget, vulputate ut, ultrices vel, augue. Vestibulum ante ipsum primis in faucibus orci luctus et ultrices posuere cubilia Curae; Donec pharetra, magna vestibulum aliquet ultrices, erat tortor sollicitudin mi, sit amet lobortis sapien sapien non mi. Integer ac neque.', '2022-05-30T06:55:35Z', 't-Nw9oz-U6M');
insert into Comments (comment_id, user_id, comment, postdate, vid_id) values ('0aaf2644-16db-4b11-b545-d970c22a31a3', '37c1ac27-1230-4fa6-9e0d-70fe5306c3c5', 'Nullam porttitor lacus at turpis. Donec posuere metus vitae ipsum. Aliquam non mauris.', '2022-07-09T12:37:54Z', 't-Nw9oz-U6M');
insert into Comments (comment_id, user_id, comment, postdate, vid_id) values ('c8d6974d-5154-48c3-8adf-61bfa2be6d33', '92289514-dbd8-4cf4-91a6-2dc9c5ad5ef6', 'Cum sociis natoque penatibus et magnis dis parturient montes, nascetur ridiculus mus. Vivamus vestibulum sagittis sapien. Cum sociis natoque penatibus et magnis dis parturient montes, nascetur ridiculus mus.', '2022-06-15T01:17:34Z', 'YqLXRLCb3is');
insert into Comments (comment_id, user_id, comment, postdate, vid_id) values ('3e121f46-e5d1-4293-8b59-3b342fda5036', '37c1ac27-1230-4fa6-9e0d-70fe5306c3c5', 'Maecenas ut massa quis augue luctus tincidunt. Nulla mollis molestie lorem. Quisque ut erat.', '2022-11-20T00:26:19Z', 't-Nw9oz-U6M');
insert into Comments (comment_id, user_id, comment, postdate, vid_id) values ('039d52e9-8e22-4ba9-a32f-5ec3a30242ce', '73759268-5d78-4b29-8508-b7bba75d59f2', 'Morbi porttitor lorem id ligula. Suspendisse ornare consequat lectus. In est risus, auctor sed, tristique in, tempus sit amet, sem.

Fusce consequat. Nulla nisl. Nunc nisl.', '2023-04-13T02:12:34Z', 't-Nw9oz-U6M');
insert into Comments (comment_id, user_id, comment, postdate, vid_id) values ('bb78f0df-b2f0-479f-894e-a1609fd17f72', '48f8ca1e-feb3-47a5-b55f-cfae9b29e1c6', 'Integer ac leo. Pellentesque ultrices mattis odio. Donec vitae nisi.', '2022-10-28T07:29:10Z', 't-Nw9oz-U6M');
insert into Comments (comment_id, user_id, comment, postdate, vid_id) values ('e4a269ff-0bcf-4e86-90e7-9a9f741e62e9', '37c1ac27-1230-4fa6-9e0d-70fe5306c3c5', 'Nam ultrices, libero non mattis pulvinar, nulla pede ullamcorper augue, a suscipit nulla elit ac nulla. Sed vel enim sit amet nunc viverra dapibus. Nulla suscipit ligula in lacus.

Curabitur at ipsum ac tellus semper interdum. Mauris ullamcorper purus sit amet nulla. Quisque arcu libero, rutrum ac, lobortis vel, dapibus at, diam.', '2022-06-04T16:55:37Z', 'astISOttCQ0');
insert into Comments (comment_id, user_id, comment, postdate, vid_id) values ('ec9c29d8-70e9-416b-aed2-3b5fb3afe9ae', '342762a0-5dd8-4c2b-b8d5-28c9ff9da6b1', 'Nullam porttitor lacus at turpis. Donec posuere metus vitae ipsum. Aliquam non mauris.

Morbi non lectus. Aliquam sit amet diam in magna bibendum imperdiet. Nullam orci pede, venenatis non, sodales sed, tincidunt eu, felis.

Fusce posuere felis sed lacus. Morbi sem mauris, laoreet ut, rhoncus aliquet, pulvinar sed, nisl. Nunc rhoncus dui vel sem.', '2023-02-23T11:17:23Z', 'YqLXRLCb3is');
insert into Comments (comment_id, user_id, comment, postdate, vid_id) values ('1dabb2e1-a8b0-45ff-9b76-742c275693df', '37c1ac27-1230-4fa6-9e0d-70fe5306c3c5', 'Duis bibendum. Morbi non quam nec dui luctus rutrum. Nulla tellus.

In sagittis dui vel nisl. Duis ac nibh. Fusce lacus purus, aliquet at, feugiat non, pretium quis, lectus.

Suspendisse potenti. In eleifend quam a odio. In hac habitasse platea dictumst.', '2023-03-06T19:41:41Z', 'YqLXRLCb3is');
insert into Comments (comment_id, user_id, comment, postdate, vid_id) values ('814f4784-9c5d-4c2f-a739-e45a1637b47c', '92289514-dbd8-4cf4-91a6-2dc9c5ad5ef6', 'Cras non velit nec nisi vulputate nonummy. Maecenas tincidunt lacus at velit. Vivamus vel nulla eget eros elementum pellentesque.

Quisque porta volutpat erat. Quisque erat eros, viverra eget, congue eget, semper rutrum, nulla. Nunc purus.', '2022-07-20T09:11:29Z', 'astISOttCQ0');
insert into Comments (comment_id, user_id, comment, postdate, vid_id) values ('f6941f3d-e321-443d-bd3f-545a6be9b70a', 'baaec40b-5c21-40ec-941e-20014713792b', 'In hac habitasse platea dictumst. Morbi vestibulum, velit id pretium iaculis, diam erat fermentum justo, nec condimentum neque sapien placerat ante. Nulla justo.

Aliquam quis turpis eget elit sodales scelerisque. Mauris sit amet eros. Suspendisse accumsan tortor quis turpis.', '2022-09-22T07:39:08Z', 't-Nw9oz-U6M');
insert into Comments (comment_id, user_id, comment, postdate, vid_id) values ('f0d565e2-4c5c-4fc6-8d30-8cc1837debaf', '73759268-5d78-4b29-8508-b7bba75d59f2', 'Proin leo odio, porttitor id, consequat in, consequat ut, nulla. Sed accumsan felis. Ut at dolor quis odio consequat varius.

Integer ac leo. Pellentesque ultrices mattis odio. Donec vitae nisi.

Nam ultrices, libero non mattis pulvinar, nulla pede ullamcorper augue, a suscipit nulla elit ac nulla. Sed vel enim sit amet nunc viverra dapibus. Nulla suscipit ligula in lacus.', '2022-12-19T00:09:33Z', 'astISOttCQ0');
insert into Comments (comment_id, user_id, comment, postdate, vid_id) values ('d2636713-5e84-47fb-9a7a-38652649b7b5', '73759268-5d78-4b29-8508-b7bba75d59f2', 'Etiam vel augue. Vestibulum rutrum rutrum neque. Aenean auctor gravida sem.

Praesent id massa id nisl venenatis lacinia. Aenean sit amet justo. Morbi ut odio.

Cras mi pede, malesuada in, imperdiet et, commodo vulputate, justo. In blandit ultrices enim. Lorem ipsum dolor sit amet, consectetuer adipiscing elit.', '2023-02-14T10:08:43Z', 't-Nw9oz-U6M');
insert into Comments (comment_id, user_id, comment, postdate, vid_id) values ('1c1726e8-2ab0-4f81-ade3-092cf00267bf', '35359762-7a0d-4ef7-b1b3-102da7590b9c', 'Curabitur at ipsum ac tellus semper interdum. Mauris ullamcorper purus sit amet nulla. Quisque arcu libero, rutrum ac, lobortis vel, dapibus at, diam.', '2022-06-11T13:01:57Z', 'YqLXRLCb3is');
insert into Comments (comment_id, user_id, comment, postdate, vid_id) values ('a86a5272-fe83-4170-902f-e750906d9cbd', '48f8ca1e-feb3-47a5-b55f-cfae9b29e1c6', 'In quis justo. Maecenas rhoncus aliquam lacus. Morbi quis tortor id nulla ultrices aliquet.', '2023-04-18T01:23:11Z', 't-Nw9oz-U6M');
insert into Comments (comment_id, user_id, comment, postdate, vid_id) values ('6992a8ba-4d62-4210-8728-3d8b670e4170', '48f8ca1e-feb3-47a5-b55f-cfae9b29e1c6', 'Maecenas leo odio, condimentum id, luctus nec, molestie sed, justo. Pellentesque viverra pede ac diam. Cras pellentesque volutpat dui.', '2022-09-13T12:40:18Z', 't-Nw9oz-U6M');
insert into Comments (comment_id, user_id, comment, postdate, vid_id) values ('9271fbbd-77a1-480e-ad5b-1ebf80124e57', '92289514-dbd8-4cf4-91a6-2dc9c5ad5ef6', 'Curabitur in libero ut massa volutpat convallis. Morbi odio odio, elementum eu, interdum eu, tincidunt in, leo. Maecenas pulvinar lobortis est.

Phasellus sit amet erat. Nulla tempus. Vivamus in felis eu sapien cursus vestibulum.', '2022-09-04T06:43:11Z', 'astISOttCQ0');
insert into Comments (comment_id, user_id, comment, postdate, vid_id) values ('71e92785-a37e-4302-9210-824f2f2789ac', '342762a0-5dd8-4c2b-b8d5-28c9ff9da6b1', 'Maecenas tristique, est et tempus semper, est quam pharetra magna, ac consequat metus sapien ut nunc. Vestibulum ante ipsum primis in faucibus orci luctus et ultrices posuere cubilia Curae; Mauris viverra diam vitae quam. Suspendisse potenti.', '2022-10-09T23:43:42Z', 'astISOttCQ0');
insert into Comments (comment_id, user_id, comment, postdate, vid_id) values ('d464e572-0178-43f3-a53d-cbee256e340c', '73759268-5d78-4b29-8508-b7bba75d59f2', 'Praesent id massa id nisl venenatis lacinia. Aenean sit amet justo. Morbi ut odio.

Cras mi pede, malesuada in, imperdiet et, commodo vulputate, justo. In blandit ultrices enim. Lorem ipsum dolor sit amet, consectetuer adipiscing elit.

Proin interdum mauris non ligula pellentesque ultrices. Phasellus id sapien in sapien iaculis congue. Vivamus metus arcu, adipiscing molestie, hendrerit at, vulputate vitae, nisl.', '2022-06-16T15:19:54Z', 'YqLXRLCb3is');
insert into Comments (comment_id, user_id, comment, postdate, vid_id) values ('efbb08ff-2e8f-4c56-a1d6-1bfd42ae5fa8', 'baaec40b-5c21-40ec-941e-20014713792b', 'Mauris enim leo, rhoncus sed, vestibulum sit amet, cursus id, turpis. Integer aliquet, massa id lobortis convallis, tortor risus dapibus augue, vel accumsan tellus nisi eu orci. Mauris lacinia sapien quis libero.', '2023-03-12T23:01:39Z', 't-Nw9oz-U6M');
insert into Comments (comment_id, user_id, comment, postdate, vid_id) values ('437b1934-1659-4005-ab62-4b0025719f00', '48f8ca1e-feb3-47a5-b55f-cfae9b29e1c6', 'Proin leo odio, porttitor id, consequat in, consequat ut, nulla. Sed accumsan felis. Ut at dolor quis odio consequat varius.', '2023-03-15T03:54:34Z', 'YqLXRLCb3is');
insert into Comments (comment_id, user_id, comment, postdate, vid_id) values ('9e9d92fe-b2c4-46b2-9508-cd600934f2eb', '78c0e2a6-8cdf-47a8-9e88-883471fde0dd', 'Proin interdum mauris non ligula pellentesque ultrices. Phasellus id sapien in sapien iaculis congue. Vivamus metus arcu, adipiscing molestie, hendrerit at, vulputate vitae, nisl.

Aenean lectus. Pellentesque eget nunc. Donec quis orci eget orci vehicula condimentum.', '2022-11-11T05:30:25Z', 'YqLXRLCb3is');
insert into Comments (comment_id, user_id, comment, postdate, vid_id) values ('67fd30f0-f910-4f5a-920b-42cd47f180ea', '342762a0-5dd8-4c2b-b8d5-28c9ff9da6b1', 'Nullam porttitor lacus at turpis. Donec posuere metus vitae ipsum. Aliquam non mauris.

Morbi non lectus. Aliquam sit amet diam in magna bibendum imperdiet. Nullam orci pede, venenatis non, sodales sed, tincidunt eu, felis.', '2022-08-30T17:25:01Z', 'YqLXRLCb3is');
insert into Comments (comment_id, user_id, comment, postdate, vid_id) values ('8af76e10-ac51-4f74-a3b7-86b1017312ba', '78c0e2a6-8cdf-47a8-9e88-883471fde0dd', 'Aenean lectus. Pellentesque eget nunc. Donec quis orci eget orci vehicula condimentum.

Curabitur in libero ut massa volutpat convallis. Morbi odio odio, elementum eu, interdum eu, tincidunt in, leo. Maecenas pulvinar lobortis est.', '2023-01-26T18:28:37Z', 'astISOttCQ0');
insert into Comments (comment_id, user_id, comment, postdate, vid_id) values ('0039cf7a-9947-4020-85ac-9f6c0837577a', '92289514-dbd8-4cf4-91a6-2dc9c5ad5ef6', 'Vestibulum ac est lacinia nisi venenatis tristique. Fusce congue, diam id ornare imperdiet, sapien urna pretium nisl, ut volutpat sapien arcu sed augue. Aliquam erat volutpat.', '2022-08-29T21:34:05Z', 'YqLXRLCb3is');
insert into Comments (comment_id, user_id, comment, postdate, vid_id) values ('01368d44-fb9c-4469-8f00-87a8549e283e', '78c0e2a6-8cdf-47a8-9e88-883471fde0dd', 'Proin interdum mauris non ligula pellentesque ultrices. Phasellus id sapien in sapien iaculis congue. Vivamus metus arcu, adipiscing molestie, hendrerit at, vulputate vitae, nisl.

Aenean lectus. Pellentesque eget nunc. Donec quis orci eget orci vehicula condimentum.

Curabitur in libero ut massa volutpat convallis. Morbi odio odio, elementum eu, interdum eu, tincidunt in, leo. Maecenas pulvinar lobortis est.', '2022-08-03T06:00:06Z', 'YqLXRLCb3is');
insert into Comments (comment_id, user_id, comment, postdate, vid_id) values ('dfed042b-af4e-4265-b5c9-4c9c03130566', '342762a0-5dd8-4c2b-b8d5-28c9ff9da6b1', 'Proin eu mi. Nulla ac enim. In tempor, turpis nec euismod scelerisque, quam turpis adipiscing lorem, vitae mattis nibh ligula nec sem.

Duis aliquam convallis nunc. Proin at turpis a pede posuere nonummy. Integer non velit.

Donec diam neque, vestibulum eget, vulputate ut, ultrices vel, augue. Vestibulum ante ipsum primis in faucibus orci luctus et ultrices posuere cubilia Curae; Donec pharetra, magna vestibulum aliquet ultrices, erat tortor sollicitudin mi, sit amet lobortis sapien sapien non mi. Integer ac neque.', '2022-09-19T08:42:26Z', 'astISOttCQ0');
insert into Comments (comment_id, user_id, comment, postdate, vid_id) values ('8c02bc82-ed3a-49dc-b541-5ea618528f0b', 'baaec40b-5c21-40ec-941e-20014713792b', 'Morbi porttitor lorem id ligula. Suspendisse ornare consequat lectus. In est risus, auctor sed, tristique in, tempus sit amet, sem.', '2022-07-29T06:15:48Z', 'astISOttCQ0');
insert into Comments (comment_id, user_id, comment, postdate, vid_id) values ('e7829eba-b7b5-4fd3-974f-185767ccd5c2', 'baaec40b-5c21-40ec-941e-20014713792b', 'Aenean lectus. Pellentesque eget nunc. Donec quis orci eget orci vehicula condimentum.', '2022-06-12T22:06:40Z', 't-Nw9oz-U6M');
insert into Comments (comment_id, user_id, comment, postdate, vid_id) values ('746ce400-2651-4b4f-8168-10c6a92b7cf1', 'baaec40b-5c21-40ec-941e-20014713792b', 'In sagittis dui vel nisl. Duis ac nibh. Fusce lacus purus, aliquet at, feugiat non, pretium quis, lectus.

Suspendisse potenti. In eleifend quam a odio. In hac habitasse platea dictumst.

Maecenas ut massa quis augue luctus tincidunt. Nulla mollis molestie lorem. Quisque ut erat.', '2022-06-06T06:28:56Z', 'YqLXRLCb3is');
insert into Comments (comment_id, user_id, comment, postdate, vid_id) values ('dd0c8ec8-5e0a-4e0c-9e94-deedb6e6a167', '73759268-5d78-4b29-8508-b7bba75d59f2', 'Proin leo odio, porttitor id, consequat in, consequat ut, nulla. Sed accumsan felis. Ut at dolor quis odio consequat varius.

Integer ac leo. Pellentesque ultrices mattis odio. Donec vitae nisi.

Nam ultrices, libero non mattis pulvinar, nulla pede ullamcorper augue, a suscipit nulla elit ac nulla. Sed vel enim sit amet nunc viverra dapibus. Nulla suscipit ligula in lacus.', '2022-09-02T11:12:51Z', 'astISOttCQ0');
insert into Comments (comment_id, user_id, comment, postdate, vid_id) values ('dd6a3590-7fbc-442f-9dab-762b6249711c', '92289514-dbd8-4cf4-91a6-2dc9c5ad5ef6', 'Vestibulum ac est lacinia nisi venenatis tristique. Fusce congue, diam id ornare imperdiet, sapien urna pretium nisl, ut volutpat sapien arcu sed augue. Aliquam erat volutpat.

In congue. Etiam justo. Etiam pretium iaculis justo.', '2023-01-01T12:23:12Z', 'YqLXRLCb3is');
insert into Comments (comment_id, user_id, comment, postdate, vid_id) values ('16effff2-f048-483d-ac15-bbc37e64b653', '37c1ac27-1230-4fa6-9e0d-70fe5306c3c5', 'Cras mi pede, malesuada in, imperdiet et, commodo vulputate, justo. In blandit ultrices enim. Lorem ipsum dolor sit amet, consectetuer adipiscing elit.

Proin interdum mauris non ligula pellentesque ultrices. Phasellus id sapien in sapien iaculis congue. Vivamus metus arcu, adipiscing molestie, hendrerit at, vulputate vitae, nisl.', '2023-04-20T02:27:48Z', 'astISOttCQ0');
insert into Comments (comment_id, user_id, comment, postdate, vid_id) values ('3e56e916-54ec-41f7-a012-0ee74e0c963d', '92289514-dbd8-4cf4-91a6-2dc9c5ad5ef6', 'Vestibulum ac est lacinia nisi venenatis tristique. Fusce congue, diam id ornare imperdiet, sapien urna pretium nisl, ut volutpat sapien arcu sed augue. Aliquam erat volutpat.

In congue. Etiam justo. Etiam pretium iaculis justo.', '2022-05-10T01:47:28Z', 't-Nw9oz-U6M');
insert into Comments (comment_id, user_id, comment, postdate, vid_id) values ('946a55d2-c4c2-46bc-9058-f334d8228588', '37c1ac27-1230-4fa6-9e0d-70fe5306c3c5', 'In sagittis dui vel nisl. Duis ac nibh. Fusce lacus purus, aliquet at, feugiat non, pretium quis, lectus.

Suspendisse potenti. In eleifend quam a odio. In hac habitasse platea dictumst.

Maecenas ut massa quis augue luctus tincidunt. Nulla mollis molestie lorem. Quisque ut erat.', '2022-10-17T19:03:43Z', 'astISOttCQ0');
insert into Comments (comment_id, user_id, comment, postdate, vid_id) values ('786ab25c-5e17-4dc1-91f3-7364f1e87131', '35359762-7a0d-4ef7-b1b3-102da7590b9c', 'Lorem ipsum dolor sit amet, consectetuer adipiscing elit. Proin risus. Praesent lectus.', '2022-08-06T04:01:49Z', 't-Nw9oz-U6M');
insert into Comments (comment_id, user_id, comment, postdate, vid_id) values ('0b8bccce-2c30-47b1-b977-8bc54127f346', '73759268-5d78-4b29-8508-b7bba75d59f2', 'Aenean lectus. Pellentesque eget nunc. Donec quis orci eget orci vehicula condimentum.

Curabitur in libero ut massa volutpat convallis. Morbi odio odio, elementum eu, interdum eu, tincidunt in, leo. Maecenas pulvinar lobortis est.

Phasellus sit amet erat. Nulla tempus. Vivamus in felis eu sapien cursus vestibulum.', '2022-12-19T13:58:59Z', 'YqLXRLCb3is');
insert into Comments (comment_id, user_id, comment, postdate, vid_id) values ('f0da7966-170e-4a80-81fd-7636ef8ef8f3', '093d8926-cef9-4a4b-a1de-7717722fe38d', 'In quis justo. Maecenas rhoncus aliquam lacus. Morbi quis tortor id nulla ultrices aliquet.', '2022-08-15T01:24:37Z', 't-Nw9oz-U6M');
insert into Comments (comment_id, user_id, comment, postdate, vid_id) values ('9243306d-f887-4eba-a04d-a6fa5d05905a', '37c1ac27-1230-4fa6-9e0d-70fe5306c3c5', 'Cras non velit nec nisi vulputate nonummy. Maecenas tincidunt lacus at velit. Vivamus vel nulla eget eros elementum pellentesque.', '2022-05-15T05:27:31Z', 'YqLXRLCb3is');
insert into Comments (comment_id, user_id, comment, postdate, vid_id) values ('efc9a068-8482-42c4-a9f2-f8c55cb7c112', '342762a0-5dd8-4c2b-b8d5-28c9ff9da6b1', 'Cras non velit nec nisi vulputate nonummy. Maecenas tincidunt lacus at velit. Vivamus vel nulla eget eros elementum pellentesque.

Quisque porta volutpat erat. Quisque erat eros, viverra eget, congue eget, semper rutrum, nulla. Nunc purus.', '2023-02-27T14:32:13Z', 'astISOttCQ0');
insert into Comments (comment_id, user_id, comment, postdate, vid_id) values ('9d6b9566-da39-420b-b0c6-de7673d41ce3', 'baaec40b-5c21-40ec-941e-20014713792b', 'Aliquam quis turpis eget elit sodales scelerisque. Mauris sit amet eros. Suspendisse accumsan tortor quis turpis.', '2022-08-25T17:45:17Z', 'astISOttCQ0');
insert into Comments (comment_id, user_id, comment, postdate, vid_id) values ('1dd6aa75-9ff9-468c-8ad2-d965899163b7', '342762a0-5dd8-4c2b-b8d5-28c9ff9da6b1', 'Suspendisse potenti. In eleifend quam a odio. In hac habitasse platea dictumst.', '2022-06-11T20:12:53Z', 'astISOttCQ0');
insert into Comments (comment_id, user_id, comment, postdate, vid_id) values ('8bc4818d-7569-4836-a5b7-355b7dd52c45', '02689fd9-dc26-4769-ac91-228a566ddd01', 'Proin eu mi. Nulla ac enim. In tempor, turpis nec euismod scelerisque, quam turpis adipiscing lorem, vitae mattis nibh ligula nec sem.', '2022-06-18T18:18:02Z', 'astISOttCQ0');
insert into Comments (comment_id, user_id, comment, postdate, vid_id) values ('f771d997-a27d-41b1-89dc-c058e149177f', '78c0e2a6-8cdf-47a8-9e88-883471fde0dd', 'Suspendisse potenti. In eleifend quam a odio. In hac habitasse platea dictumst.', '2022-08-14T08:47:12Z', 'astISOttCQ0');
insert into Comments (comment_id, user_id, comment, postdate, vid_id) values ('63fbb242-044c-4d7b-93e5-ee39a112732d', '92289514-dbd8-4cf4-91a6-2dc9c5ad5ef6', 'Quisque id justo sit amet sapien dignissim vestibulum. Vestibulum ante ipsum primis in faucibus orci luctus et ultrices posuere cubilia Curae; Nulla dapibus dolor vel est. Donec odio justo, sollicitudin ut, suscipit a, feugiat et, eros.', '2022-07-29T23:18:56Z', 'astISOttCQ0');
insert into Comments (comment_id, user_id, comment, postdate, vid_id) values ('e62c38b3-e4f3-4922-a0e1-8b2537ac8713', '78c0e2a6-8cdf-47a8-9e88-883471fde0dd', 'Vestibulum ac est lacinia nisi venenatis tristique. Fusce congue, diam id ornare imperdiet, sapien urna pretium nisl, ut volutpat sapien arcu sed augue. Aliquam erat volutpat.

In congue. Etiam justo. Etiam pretium iaculis justo.

In hac habitasse platea dictumst. Etiam faucibus cursus urna. Ut tellus.', '2022-11-09T22:32:55Z', 'astISOttCQ0');
insert into Comments (comment_id, user_id, comment, postdate, vid_id) values ('07d1a836-546b-4975-81fe-ab1cf4fcb0fd', '35359762-7a0d-4ef7-b1b3-102da7590b9c', 'Integer ac leo. Pellentesque ultrices mattis odio. Donec vitae nisi.', '2022-12-29T20:37:27Z', 't-Nw9oz-U6M');
insert into Comments (comment_id, user_id, comment, postdate, vid_id) values ('bea6b20f-d8d8-44fb-8fb1-9cc5d52f6fa0', '35359762-7a0d-4ef7-b1b3-102da7590b9c', 'Sed sagittis. Nam congue, risus semper porta volutpat, quam pede lobortis ligula, sit amet eleifend pede libero quis orci. Nullam molestie nibh in lectus.', '2022-06-17T19:56:45Z', 'astISOttCQ0');
insert into Comments (comment_id, user_id, comment, postdate, vid_id) values ('ec9c8513-4626-4c23-8127-768ad5fdee2c', '37c1ac27-1230-4fa6-9e0d-70fe5306c3c5', 'Fusce posuere felis sed lacus. Morbi sem mauris, laoreet ut, rhoncus aliquet, pulvinar sed, nisl. Nunc rhoncus dui vel sem.

Sed sagittis. Nam congue, risus semper porta volutpat, quam pede lobortis ligula, sit amet eleifend pede libero quis orci. Nullam molestie nibh in lectus.', '2022-09-30T20:25:09Z', 't-Nw9oz-U6M');
insert into Comments (comment_id, user_id, comment, postdate, vid_id) values ('b9c15cbf-b0da-4a2a-b3f1-489ffae11443', '342762a0-5dd8-4c2b-b8d5-28c9ff9da6b1', 'Quisque id justo sit amet sapien dignissim vestibulum. Vestibulum ante ipsum primis in faucibus orci luctus et ultrices posuere cubilia Curae; Nulla dapibus dolor vel est. Donec odio justo, sollicitudin ut, suscipit a, feugiat et, eros.

Vestibulum ac est lacinia nisi venenatis tristique. Fusce congue, diam id ornare imperdiet, sapien urna pretium nisl, ut volutpat sapien arcu sed augue. Aliquam erat volutpat.', '2022-05-19T04:44:59Z', 'YqLXRLCb3is');
insert into Comments (comment_id, user_id, comment, postdate, vid_id) values ('586737ae-c1da-4ab2-932b-d48678ad0859', '093d8926-cef9-4a4b-a1de-7717722fe38d', 'Curabitur at ipsum ac tellus semper interdum. Mauris ullamcorper purus sit amet nulla. Quisque arcu libero, rutrum ac, lobortis vel, dapibus at, diam.', '2022-11-04T08:36:31Z', 't-Nw9oz-U6M');
insert into Comments (comment_id, user_id, comment, postdate, vid_id) values ('4e681ace-0975-4bb8-9971-d10f1954396a', '73759268-5d78-4b29-8508-b7bba75d59f2', 'Pellentesque at nulla. Suspendisse potenti. Cras in purus eu magna vulputate luctus.', '2022-09-23T04:43:11Z', 'astISOttCQ0');
insert into Comments (comment_id, user_id, comment, postdate, vid_id) values ('59579a8b-8941-4657-a442-1b19a4f00bfb', '48f8ca1e-feb3-47a5-b55f-cfae9b29e1c6', 'Cras non velit nec nisi vulputate nonummy. Maecenas tincidunt lacus at velit. Vivamus vel nulla eget eros elementum pellentesque.

Quisque porta volutpat erat. Quisque erat eros, viverra eget, congue eget, semper rutrum, nulla. Nunc purus.', '2022-11-29T15:30:57Z', 't-Nw9oz-U6M');
insert into Comments (comment_id, user_id, comment, postdate, vid_id) values ('f9457a06-77aa-4237-9bdd-e9f292a0f9c7', '093d8926-cef9-4a4b-a1de-7717722fe38d', 'Duis bibendum, felis sed interdum venenatis, turpis enim blandit mi, in porttitor pede justo eu massa. Donec dapibus. Duis at velit eu est congue elementum.

In hac habitasse platea dictumst. Morbi vestibulum, velit id pretium iaculis, diam erat fermentum justo, nec condimentum neque sapien placerat ante. Nulla justo.

Aliquam quis turpis eget elit sodales scelerisque. Mauris sit amet eros. Suspendisse accumsan tortor quis turpis.', '2022-12-08T05:44:34Z', 't-Nw9oz-U6M');
insert into Comments (comment_id, user_id, comment, postdate, vid_id) values ('3ccbd35e-2cf6-4b65-af10-c5196081722d', '92289514-dbd8-4cf4-91a6-2dc9c5ad5ef6', 'Sed ante. Vivamus tortor. Duis mattis egestas metus.

Aenean fermentum. Donec ut mauris eget massa tempor convallis. Nulla neque libero, convallis eget, eleifend luctus, ultricies eu, nibh.

Quisque id justo sit amet sapien dignissim vestibulum. Vestibulum ante ipsum primis in faucibus orci luctus et ultrices posuere cubilia Curae; Nulla dapibus dolor vel est. Donec odio justo, sollicitudin ut, suscipit a, feugiat et, eros.', '2022-05-16T09:49:42Z', 'YqLXRLCb3is');
insert into Comments (comment_id, user_id, comment, postdate, vid_id) values ('a51b41f0-caae-4113-b99d-00f4a4d87485', '093d8926-cef9-4a4b-a1de-7717722fe38d', 'Nullam porttitor lacus at turpis. Donec posuere metus vitae ipsum. Aliquam non mauris.

Morbi non lectus. Aliquam sit amet diam in magna bibendum imperdiet. Nullam orci pede, venenatis non, sodales sed, tincidunt eu, felis.', '2022-07-03T12:05:01Z', 'astISOttCQ0');
insert into Comments (comment_id, user_id, comment, postdate, vid_id) values ('47288198-297f-4f87-bcda-516dacb602b7', '02689fd9-dc26-4769-ac91-228a566ddd01', 'Lorem ipsum dolor sit amet, consectetuer adipiscing elit. Proin risus. Praesent lectus.

Vestibulum quam sapien, varius ut, blandit non, interdum in, ante. Vestibulum ante ipsum primis in faucibus orci luctus et ultrices posuere cubilia Curae; Duis faucibus accumsan odio. Curabitur convallis.', '2023-04-07T01:46:19Z', 'astISOttCQ0');
insert into Comments (comment_id, user_id, comment, postdate, vid_id) values ('0ab549a3-9570-4a06-ae4d-4e53d6d64759', 'baaec40b-5c21-40ec-941e-20014713792b', 'Maecenas ut massa quis augue luctus tincidunt. Nulla mollis molestie lorem. Quisque ut erat.', '2023-01-15T12:10:28Z', 'YqLXRLCb3is');
insert into Comments (comment_id, user_id, comment, postdate, vid_id) values ('2b0dfdfb-073e-4f31-a48f-08efdf72904b', '093d8926-cef9-4a4b-a1de-7717722fe38d', 'Nulla ut erat id mauris vulputate elementum. Nullam varius. Nulla facilisi.

Cras non velit nec nisi vulputate nonummy. Maecenas tincidunt lacus at velit. Vivamus vel nulla eget eros elementum pellentesque.', '2022-05-13T23:05:48Z', 'YqLXRLCb3is');
insert into Comments (comment_id, user_id, comment, postdate, vid_id) values ('a704d6bf-822b-4264-a972-6834ec0d39ce', '92289514-dbd8-4cf4-91a6-2dc9c5ad5ef6', 'Phasellus sit amet erat. Nulla tempus. Vivamus in felis eu sapien cursus vestibulum.

Proin eu mi. Nulla ac enim. In tempor, turpis nec euismod scelerisque, quam turpis adipiscing lorem, vitae mattis nibh ligula nec sem.', '2022-05-07T00:51:38Z', 'YqLXRLCb3is');
insert into Comments (comment_id, user_id, comment, postdate, vid_id) values ('fd39a20f-7215-46b9-a11a-22b8b52dd85e', '73759268-5d78-4b29-8508-b7bba75d59f2', 'Nullam sit amet turpis elementum ligula vehicula consequat. Morbi a ipsum. Integer a nibh.

In quis justo. Maecenas rhoncus aliquam lacus. Morbi quis tortor id nulla ultrices aliquet.

Maecenas leo odio, condimentum id, luctus nec, molestie sed, justo. Pellentesque viverra pede ac diam. Cras pellentesque volutpat dui.', '2022-10-13T14:35:39Z', 'YqLXRLCb3is');
insert into Comments (comment_id, user_id, comment, postdate, vid_id) values ('eae6d764-709a-4c52-a8e4-9d6f8327fe8f', '35359762-7a0d-4ef7-b1b3-102da7590b9c', 'Sed sagittis. Nam congue, risus semper porta volutpat, quam pede lobortis ligula, sit amet eleifend pede libero quis orci. Nullam molestie nibh in lectus.', '2022-11-10T11:32:20Z', 'astISOttCQ0');
insert into Comments (comment_id, user_id, comment, postdate, vid_id) values ('cedd73ac-cd35-4ea5-93a6-6b62f4ad94ae', '92289514-dbd8-4cf4-91a6-2dc9c5ad5ef6', 'Quisque id justo sit amet sapien dignissim vestibulum. Vestibulum ante ipsum primis in faucibus orci luctus et ultrices posuere cubilia Curae; Nulla dapibus dolor vel est. Donec odio justo, sollicitudin ut, suscipit a, feugiat et, eros.

Vestibulum ac est lacinia nisi venenatis tristique. Fusce congue, diam id ornare imperdiet, sapien urna pretium nisl, ut volutpat sapien arcu sed augue. Aliquam erat volutpat.

In congue. Etiam justo. Etiam pretium iaculis justo.', '2022-09-18T20:32:41Z', 't-Nw9oz-U6M');

insert into Likes (comment_id, user_id, like_bool) values ('ca92c661-608a-4fb5-9cce-b818e46343d7', '342762a0-5dd8-4c2b-b8d5-28c9ff9da6b1', true);
insert into Likes (comment_id, user_id, like_bool) values ('ca92c661-608a-4fb5-9cce-b818e46343d7', '35359762-7a0d-4ef7-b1b3-102da7590b9c', true);
insert into Likes (comment_id, user_id, like_bool) values ('80d9a54e-7c9d-4820-9aa3-404e5cedd2a7', '92289514-dbd8-4cf4-91a6-2dc9c5ad5ef6', false);
